"Codigo","Descripcion","Unidades","Importe Total","Importe Total  I.I.","% Venta","% Acumu.","Fecha Ult.Vta.","Beneficio B.I.","% Ben."
"","Sin Familias","","","","","","","",""
"ç","","340","-1,770.54","-1,947.59","100","100","29/09/2025","-1,770.54","100"
"1758","Boniato Acomp","1,054.00","0","0","0","100","29/09/2025","0","0"
"","REFRESCOS","","","","","","","",""
"1","COCACOLA","2,825.00","4,106.18","4,516.80","9.47","9.47","29/09/2025","4,106.18","100"
"2","FANTA NARANJA","578","1,000.68","1,100.75","2.31","11.78","28/09/2025","1,000.68","100"
"3","COLA ZERO","3,056.00","5,621.82","6,184.00","12.96","24.74","29/09/2025","5,621.82","100"
"5","LIMONADA","26","6.41","7.05","0.01","24.75","24/09/2025","6.41","100"
"7","BATIDO DE FRESA","1","2.05","2.25","0","24.76","17/06/2025","2.05","100"
"8","COLA LIGHT","69","131.55","144.7","0.3","25.06","10/06/2025","131.55","100"
"10","RED BULL","83","127.64","140.4","0.29","25.36","23/09/2025","127.64","100"
"11","NESTEA LIMÓN","547","1,124.68","1,237.15","2.59","27.95","29/09/2025","-37,712.32","-3,353.15"
"13","NESTEA  MARACUYÁ","512","1,091.27","1,200.40","2.52","30.47","29/09/2025","1,091.27","100"
"14","SPRITE","33","46.55","51.2","0.11","30.57","21/09/2025","46.55","100"
"15","FANTA LIMÓN","635","755","830.5","1.74","32.32","28/09/2025","755","100"
"16","TÓNICA SCHWEPPES","2,779.00","1,281.45","1,409.60","2.95","35.27","29/09/2025","1,281.45","100"
"18","CASERA","35","74.77","82.25","0.17","35.44","26/09/2025","74.77","100"
"20","AQUARIUS LIMÓN","1,547.00","925.09","1,017.60","2.13","37.58","29/09/2025","925.09","100"
"22","BITTER ROSSO","48","102","112.2","0.24","37.81","28/09/2025","102","100"
"24","AQUARIUS NARANJA","301","641.86","706.05","1.48","39.29","28/09/2025","641.86","100"
"25","AGUA MEDIANA","6","0","0","0","39.29","13/08/2025","0","0"
"546","ZUMO DE Manzana (minute maid)","16","32.73","36","0.08","39.37","27/09/2025","32.73","100"
"547","ZUMO DE PIÑA","188","381.14","419.25","0.88","40.25","28/09/2025","381.14","100"
"548","ZUMO DE MELOCOTÓN","91","193.86","213.25","0.45","40.69","28/09/2025","193.86","100"
"549","ZUMO DE TOMATE","98","208.73","229.6","0.48","41.17","28/09/2025","208.73","100"
"560","TONICA FEVER","116","49.09","54","0.11","41.29","28/09/2025","49.09","100"
"567","BATIDO DE CHOCOLATE","265","540","594","1.25","42.53","28/09/2025","540","100"
"568","BATIDO DE VAINILLA","2","4.09","4.5","0.01","42.54","21/06/2025","4.09","100"
"583","GINGER ALE","108","168.5","185.35","0.39","42.93","26/09/2025","168.5","100"
"584","SODA","9","2.05","2.25","0","42.93","18/08/2025","2.05","100"
"668","TONICA NORDIC BLUE","1","0","0","0","42.93","08/08/2025","0","0"
"753","AGUA PARA LLEVAR 0.50 L","2,174.00","4,198.82","4,618.70","9.68","52.62","29/09/2025","4,198.82","100"
"1312","COLA ZERO ZERO","470","777.86","855.65","1.79","54.41","28/09/2025","777.86","100"
"1420","SEVEN UP","421","424.86","467.35","0.98","55.39","27/09/2025","424.86","100"
"1442","AGUA PERRIER","13","0","0","0","55.39","27/09/2025","0","0"
"1610","Tonica zero","247","0","0","0","55.39","28/09/2025","0","0"
"1791","Bot. Agua Solan Con Gas 33cl","3,587.00","8,107.27","8,918.00","18.69","74.09","29/09/2025","8,107.27","100"
"1792","Bot. Agua Solan 50cl","5,500.00","10,902.00","11,992.20","25.14","99.22","29/09/2025","10,902.00","100"
"1837","TÓNICA ZERO SW","56","119.23","131.15","0.27","99.5","19/09/2025","119.23","100"
"1838","TÓNICA BERRY SW","76","152.86","168.15","0.35","99.85","28/09/2025","152.86","100"
"1894","Bot. Agua Solan TIEMPO","32","64","70.4","0.15","100","25/08/2025","64","100"
"1928","PICOTEO!!!","11","0","0","0","100","07/07/2025","0","0"
"1929","LIMPIAR!!!","1","0","0","0","100","25/06/2025","0","0"
"1940","LEVANTAR MESA","4","0","0","0","100","28/06/2025","0","0"
"","TARTAS Y POSTRES","","","","","","","",""
"719","GOFRE DE AZUCAR","82","313.09","344.4","4.18","4.18","28/09/2025","313.09","100"
"743","TARTA DE ZANAHORIA","139","870.05","957.05","11.61","15.79","28/09/2025","870.05","100"
"873","TARTA DE CHOCOLATE","80","503","553.3","6.71","22.5","29/09/2025","503","100"
"896","TARTA DE QUESO","175","1,097.09","1,206.80","14.64","37.14","28/09/2025","1,097.09","100"
"1260","sirope fresa","8","0","0","0","37.14","04/09/2025","0","0"
"1261","sirope caramelo","8","0","0","0","37.14","23/09/2025","0","0"
"1262","sirope chocolate","30","0","0","0","37.14","20/09/2025","0","0"
"1263","nutella","231","0","0","0","37.14","29/09/2025","0","0"
"1307","leche condensada","4","0","0","0","37.14","21/09/2025","0","0"
"1331","CREPES","230","878.18","966","11.72","48.86","29/09/2025","878.18","100"
"1354","TARTA DE SNIKER","48","301.23","331.35","4.02","52.88","24/09/2025","301.23","100"
"1371","BROWNIE CLASICO","307","1,928.45","2,121.30","25.73","78.62","28/09/2025","1,928.45","100"
"1430","BROWNIE LOTUS","220","1,372.64","1,509.90","18.32","96.93","29/09/2025","1,372.64","100"
"1473","ALMENDRA CROCANTI","83","44.18","48.6","0.59","97.52","28/09/2025","44.18","100"
"1625","dulce de leche","11","0","0","0","97.52","09/09/2025","0","0"
"1626","chocolate blanco","1","0","0","0","97.52","12/09/2025","0","0"
"1627","nata","59","0","0","0","97.52","28/09/2025","0","0"
"1629","Barquillo","1","0.36","0.4","0","97.53","12/05/2025","0.36","100"
"1631","NUECES","136","72","79.2","0.96","98.49","29/09/2025","72","100"
"1632","almendra crocanti","3","1.64","1.8","0.02","98.51","16/09/2025","1.64","100"
"1633","platano","36","19.64","21.6","0.26","98.77","29/09/2025","19.64","100"
"1634","fresa","97","52.91","58.2","0.71","99.48","23/09/2025","52.91","100"
"1635","VAINILLA VERACRUZ","42","38.18","42","0.51","99.99","28/09/2025","38.18","100"
"1652","SIROPE EXTRA","1","0.91","1","0.01","100","13/07/2025","0.91","100"
"","COMIDAS Y SNACKS","","","","","","","",""
"92","ENSALADA CESAR","593","7,424.55","8,167.00","3.79","3.79","29/09/2025","7,424.55","100"
"93","ENSALADA CABRA","606","7,573.82","8,331.20","3.86","7.65","28/09/2025","7,573.82","100"
"95","ENSALADA TEMPLADA","341","4,558.77","5,014.65","2.33","9.98","29/09/2025","4,558.77","100"
"97","Ingrediente Extra","22","20","22","0.01","9.99","14/09/2025","20","100"
"100","SANDWICH CLUB","949","11,041.41","12,145.55","5.63","15.62","29/09/2025","11,041.41","100"
"103","POLLO TIKA MASSALA","410","4,606.36","5,067.00","2.35","17.97","28/09/2025","4,606.36","100"
"106","MINI-TORTILLA","544","3,437.09","3,780.80","1.75","19.72","29/09/2025","3,437.09","100"
"108","MENU INFANTIL","383","2,959.55","3,255.50","1.51","21.23","29/09/2025","2,959.55","100"
"109","BURGUER LA CHANCLA","993","12,567.27","13,824.00","6.41","27.64","29/09/2025","12,567.27","100"
"111","PETIT FOIE","238","1,925.55","2,118.10","0.98","28.62","27/09/2025","1,925.55","100"
"114","SANDWICH VEGANO","196","1,594.73","1,754.20","0.81","29.43","29/09/2025","1,594.73","100"
"121","HUEVOS, PATATAS, SETAS TRUFA","274","3,451.18","3,796.30","1.76","31.19","27/09/2025","3,451.18","100"
"656","BRAVAS","842","7,575.36","8,332.90","3.86","35.06","28/09/2025","7,575.36","100"
"727","WOK  POLLO","797","10,028.32","11,031.15","5.11","40.17","29/09/2025","10,028.32","100"
"769","TATAKI DE ATÚN","307","5,267.86","5,794.65","2.69","42.86","29/09/2025","5,267.86","100"
"771","MINI-BURGUER CASERA TERNERA","828","5,170.55","5,687.60","2.64","45.5","29/09/2025","5,170.55","100"
"772","CROQUETAS","670","7,791.36","8,570.50","3.97","49.47","28/09/2025","7,791.36","100"
"876","ENSALADILLA RUSA","524","6,140.73","6,754.80","3.13","52.6","29/09/2025","6,140.73","100"
"1200","TARTAR DE ATUN ROJO","346","5,290.64","5,819.70","2.7","55.3","28/09/2025","5,290.64","100"
"1214","PAN","475","302.27","332.5","0.15","55.46","28/09/2025","302.27","100"
"1242","PIMIENTOS DEL PADRON","408","2,577.82","2,835.60","1.31","56.77","28/09/2025","2,577.82","100"
"1243","SOPA FRIA","119","928.32","1,021.15","0.47","57.24","20/09/2025","928.32","100"
"1257","salsa casera","570","259.09","285","0.13","57.38","29/09/2025","259.09","100"
"1259","arroz extra","42","114.55","126","0.06","57.44","27/09/2025","114.55","100"
"1264","ensalada extra","80","145.45","160","0.07","57.51","27/09/2025","145.45","100"
"1343","patatas extra","291","793.64","873","0.4","57.91","28/09/2025","793.64","100"
"1386","ENSALADA REFRESCANTE","481","6,015.32","6,616.85","3.07","60.98","29/09/2025","6,015.32","100"
"1389","WOK SALMON","482","6,504.45","7,154.90","3.32","64.3","29/09/2025","6,504.45","100"
"1506","MAYONESA","491","89.09","98","0.05","64.35","29/09/2025","89.09","100"
"1511","KETCHUP","57","20.73","22.8","0.01","64.36","21/09/2025","20.73","100"
"1601","nachos","275","0","0","0","64.36","28/09/2025","0","0"
"1613","patatas baston","2,275.00","0","0","0","64.36","29/09/2025","0","0"
"1617","WOK VEGANO","205","1,932.27","2,125.50","0.99","65.34","28/09/2025","1,932.27","100"
"1649","NUTELLA","258","230","253","0.12","65.46","28/09/2025","230","100"
"1660","NACHOS GOURMET","829","9,406.45","10,347.10","4.8","70.26","29/09/2025","9,406.45","100"
"1673","ALBONDIGAS VEGANAS","6","57.27","63","0.03","70.29","04/05/2025","57.27","100"
"1711","CRISPY CHICKEN","700","6,331.82","6,965.00","3.23","73.52","29/09/2025","6,331.82","100"
"1768","COSTILLA DE CERDO","343","4,938.05","5,431.85","2.52","76.03","29/09/2025","4,938.05","100"
"1798","REBANÁ","254","2,297.55","2,527.30","1.17","77.21","28/09/2025","2,297.55","100"
"1799","POLLO CAJÚN","799","7,227.32","7,950.05","3.69","80.89","28/09/2025","7,227.32","100"
"1800","BASTONES DE BONIATO","811","5,708.59","6,279.45","2.91","83.8","28/09/2025","5,708.59","100"
"1802","CUBIERTA DE CHEDAR","119","162.27","178.5","0.08","83.89","28/09/2025","162.27","100"
"1803","HUEVO FRITO BURGUER","175","238.64","262.5","0.12","84.01","28/09/2025","238.64","100"
"1804","LOMO ALTO","329","6,265.95","6,892.55","3.2","87.2","29/09/2025","6,265.95","100"
"1805","PESCADO PLANCHA","690","9,952.27","10,947.50","5.08","92.28","29/09/2025","9,952.27","100"
"1812","SUG_1 9.95","2","18.09","19.9","0.01","92.29","26/06/2025","18.09","100"
"1813","SUG_2 10.95","129","1,284.14","1,412.55","0.65","92.94","28/09/2025","1,284.14","100"
"1814","SUG_3 11.95","19","206.41","227.05","0.11","93.05","15/06/2025","206.41","100"
"1815","SUG_4 12.95","154","1,813.91","1,995.30","0.93","93.98","27/09/2025","1,813.91","100"
"1816","SUG_5 13.95","209","2,650.50","2,915.55","1.35","95.33","28/09/2025","2,650.50","100"
"1817","SUG_6 14.95","305","4,135.45","4,549.00","2.11","97.44","28/09/2025","4,135.45","100"
"1818","SUG_7 15.95","53","768.5","845.35","0.39","97.83","06/08/2025","768.5","100"
"1819","SUG_8 16.95","97","1,494.68","1,644.15","0.76","98.59","09/06/2025","1,494.68","100"
"1822","Mayonesa Acomp.","1,215.00","0","0","0","98.59","28/09/2025","0","0"
"1823","Ketchup Acomp.","1,033.00","0","0","0","98.59","29/09/2025","0","0"
"1824","Guacamole Acomp","669","0","0","0","98.59","29/09/2025","0","0"
"1825","S Brava Acomp","32","0","0","0","98.59","24/09/2025","0","0"
"1826","S. Mayo-Miel Acomp.","23","0","0","0","98.59","22/09/2025","0","0"
"1827","Salsa 2.0 Acomp.","6","0","0","0","98.59","21/08/2025","0","0"
"1832","SUG_9 17.95","126","2,056.09","2,261.70","1.05","99.64","28/09/2025","2,056.09","100"
"1834","SUG_10 18.95","38","654.64","720.1","0.33","99.97","24/09/2025","654.64","100"
"1897","barbacoa acomp","174","0","0","0","99.97","29/09/2025","0","0"
"1898","Teriyaki acomp","87","0","0","0","99.97","28/09/2025","0","0"
"1901","Arroz acomp","359","0","0","0","99.97","29/09/2025","0","0"
"1902","Noodles acomp","649","0","0","0","99.97","29/09/2025","0","0"
"1903","Bolsa","34","3.09","3.4","0","99.97","22/09/2025","3.09","100"
"1904","Take Grande","68","24.73","27.2","0.01","99.99","21/09/2025","24.73","100"
"1905","Take pequeño","135","24.55","27","0.01","100","28/09/2025","24.55","100"
"1906","Poco hecho","28","0","0","0","100","28/09/2025","0","0"
"1907","Punto menos","32","0","0","0","100","27/09/2025","0","0"
"1908","Al Punto","136","0","0","0","100","29/09/2025","0","0"
"1909","Punto Más","26","0","0","0","100","23/09/2025","0","0"
"1910","Muy Hecho","16","0","0","0","100","15/09/2025","0","0"
"1911","Pollo empanado","219","0","0","0","100","29/09/2025","0","0"
"1912","Pollo plancha","58","0","0","0","100","28/09/2025","0","0"
"1913","Patatas fritas","225","0","0","0","100","29/09/2025","0","0"
"1914","Arroz","58","0","0","0","100","28/09/2025","0","0"
"1943","CUBIERTOS_PLAYA","100","0","0","0","100","28/09/2025","0","0"
"1962","Huevo frito infantil","3","0","0","0","100","08/09/2025","0","0"
"","CERVEZAS","","","","","","","",""
"129","MAHOU 33CL","4,278.00","12,749.68","14,024.65","17.25","17.25","28/09/2025","12,749.68","100"
"131","CORONITAS","961","3,226.09","3,548.70","4.36","21.61","29/09/2025","3,226.09","100"
"147","SAN MIGUEL 00","233","672.82","740.1","0.91","22.52","31/08/2025","672.82","100"
"578","SAN MIGUEL ESPECIAL","360","1,045.45","1,150.00","1.41","23.94","28/09/2025","1,045.45","100"
"630","PACK ALHAMBRA","208","1,587.59","1,746.35","2.15","26.09","27/09/2025","1,587.59","100"
"631","PACK MAHOU","272","2,100.82","2,310.90","2.84","28.93","27/09/2025","2,100.82","100"
"754","CAÑITA 5 ESTRELLAS","7,019.00","16,839.18","18,523.10","22.78","51.71","29/09/2025","16,839.18","100"
"755","JARRA 5 ESTRELLAS","3,344.00","13,595.00","14,954.50","18.39","70.1","29/09/2025","13,595.00","100"
"825","CLARA LIMON","298","645.58","781.15","0.87","70.97","28/09/2025","645.58","100"
"826","CLARA CASERA","59","107.27","129.8","0.15","71.12","28/09/2025","107.27","100"
"1218","MAESTRA 33CL","163","592.36","651.6","0.8","71.92","28/09/2025","592.36","100"
"1313","MAHOU SIN GLUTEN","296","947.14","1,041.85","1.28","73.2","28/09/2025","947.14","100"
"1319","CAÑA MAESTRA","525","1,519.09","1,671.00","2.06","75.26","28/09/2025","1,519.09","100"
"1320","JARRA MAESTRA","103","509.5","560.45","0.69","75.95","28/09/2025","509.5","100"
"1444","RADLER MAHOU","322","863.55","949.9","1.17","77.12","27/09/2025","863.55","100"
"1459","CAÑA SIN","2","3.36","3.7","0","77.12","03/09/2025","3.36","100"
"1481","SAN MIGUEL MAGNA","42","118.82","130.7","0.16","77.28","28/08/2025","118.82","100"
"1597","San Miguel 0.0","378","1,095.55","1,205.10","1.48","78.76","28/09/2025","1,095.55","100"
"1643","JARRA CLARA","45","182.91","201.2","0.25","79.01","25/09/2025","182.91","100"
"1662","STELLA ARTOIS","99","265.5","292.05","0.36","79.37","22/09/2025","265.5","100"
"1663","ALHAMBRA 1925","3,135.00","10,496.18","11,545.80","14.2","93.57","29/09/2025","10,496.18","100"
"1664","BUDWAISER","215","681.09","749.2","0.92","94.49","28/09/2025","681.09","100"
"1665","MAHOU IPA","46","187.91","206.7","0.25","94.74","23/09/2025","187.91","100"
"1666","FRANZISKANER","103","416.86","458.55","0.56","95.31","28/09/2025","416.86","100"
"1667","LEFFE BLONDE","33","131.36","144.5","0.18","95.49","22/09/2025","131.36","100"
"1697","Caña Llevar","72","200.73","220.8","0.27","95.76","25/09/2025","200.73","100"
"1808","MAHOU 0,0 TOSTADA","1,047.00","3,025.18","3,327.70","4.09","99.85","28/09/2025","3,025.18","100"
"1820","MAHOU SIN FILTRAR","31","98.64","108.5","0.13","99.98","16/09/2025","98.64","100"
"1833","SAN MIGUEL ED. ALUMINIO","4","11.64","12.8","0.02","100","07/08/2025","11.64","100"
"","CAFES E INFUSIONES","","","","","","","",""
"148","ESPRESSO","1,540.00","2,784.09","3,062.50","5.34","5.34","29/09/2025","2,784.09","100"
"149","CAFÉ CON LECHE","9,132.00","19,687.36","21,656.10","37.76","43.1","29/09/2025","19,687.36","100"
"150","ESPRESSO MACCHIATO","67","133.64","147","0.26","43.35","29/09/2025","133.64","100"
"151","CAFÉ HIELO BAYLEIS","348","870","957","1.67","45.02","28/09/2025","870","100"
"153","CAPPUCCINO ITALIANO","1,679.00","3,949.64","4,344.60","7.57","52.6","29/09/2025","3,949.64","100"
"155","COLA CAO","452","814.45","895.9","1.56","54.16","29/09/2025","814.45","100"
"156","TÉ","996","2,245.45","2,470.00","4.31","58.46","29/09/2025","2,245.45","100"
"157","MENTA POLEO","102","229.55","252.5","0.44","58.9","28/09/2025","229.55","100"
"159","MANZANILLA","122","275","302.5","0.53","59.43","28/09/2025","275","100"
"160","leche soja","363","27.45","30.2","0.05","59.48","28/09/2025","27.45","100"
"164","TÉ EN LECHE","79","203","223.3","0.39","59.87","28/09/2025","203","100"
"165","TÉ CON CANELA","28","75.09","82.6","0.14","60.02","23/09/2025","75.09","100"
"166","TÉ CON LIMÓN","59","118","129.8","0.23","60.24","28/09/2025","118","100"
"167","TÉ CON LECHE","170","453.23","498.55","0.87","61.11","28/09/2025","453.23","100"
"168","CHOCOLATE SUIZO","15","42","46.2","0.08","61.19","29/09/2025","42","100"
"170","CAFÉ CON HIELO","1,447.00","3,023.45","3,325.80","5.8","66.99","28/09/2025","3,023.45","100"
"171","CORTADO","909","1,715.91","1,887.50","3.29","70.28","29/09/2025","1,715.91","100"
"173","TAZA DE LECHE","124","191.64","210.8","0.37","70.65","28/09/2025","191.64","100"
"174","CHOCOLATE","34","90.27","99.3","0.17","70.82","29/09/2025","90.27","100"
"175","CARAJILLO","102","265.18","291.7","0.51","71.33","26/09/2025","265.18","100"
"176","AMERICANO","1,408.00","2,521.45","2,773.60","4.84","76.17","29/09/2025","2,521.45","100"
"528","SHAKERATO","55","149.09","164","0.29","76.45","21/09/2025","149.09","100"
"529","LATTE MACCHIATO ACARAMELADO","113","365.91","402.5","0.7","77.16","29/09/2025","365.91","100"
"530","SHAKERATO CON BAILEYS","60","201.09","221.2","0.39","77.54","28/09/2025","201.09","100"
"531","LATTE MACCHIATO ACHOCOLATADO","42","137.09","150.8","0.26","77.8","29/09/2025","137.09","100"
"532","ICED CAFÉ","212","838.36","922.2","1.61","79.41","28/09/2025","838.36","100"
"533","BELLAGIO","6","23.73","26.1","0.05","79.46","03/09/2025","23.73","100"
"534","LATTE MACCHIATO ALMENDRADO","19","62.09","68.3","0.12","79.58","25/09/2025","62.09","100"
"535","LATTE MACCHIATO","431","1,192.09","1,311.30","2.29","81.86","29/09/2025","1,192.09","100"
"536","IRLANDES","27","121.5","133.65","0.23","82.1","22/09/2025","121.5","100"
"537","ROYAL","8","36","39.6","0.07","82.16","20/09/2025","36","100"
"538","CALIPSO","1","4.5","4.95","0.01","82.17","16/08/2025","4.5","100"
"539","DELUXE","10","45","49.5","0.09","82.26","26/09/2025","45","100"
"671","leche sin lactosa","814","0","0","0","82.26","29/09/2025","0","0"
"782","descafeinado","991","0","0","0","82.26","29/09/2025","0","0"
"1208","helado vainilla","2","0","0","0","82.26","28/05/2025","0","0"
"1212","TÉ MORUNO","66","168.95","185.85","0.32","82.58","28/09/2025","168.95","100"
"1249","VIENES","15","33.64","37","0.06","82.65","17/09/2025","33.64","100"
"1250","BOMBON","105","238.64","262.5","0.46","83.11","28/09/2025","238.64","100"
"1252","CAPPUCCION VIENESSE","53","134.09","147.5","0.26","83.36","27/09/2025","134.09","100"
"1254","DIABLO VIENESSE","19","49","53.9","0.09","83.46","29/09/2025","49","100"
"1255","CAPPUCCINO INFANTIL","20","63.64","70","0.12","83.58","27/09/2025","63.64","100"
"1265","DESCAF. SOBRE","211","420.36","462.4","0.81","84.38","28/09/2025","420.36","100"
"1291","TE AMERICANO","17","45.59","50.15","0.09","84.47","27/09/2025","45.59","100"
"1467","BOWL LECHE","71","105.09","115.6","0.2","84.67","29/09/2025","105.09","100"
"1555","descafeinado","1,096.00","0","0","0","84.67","29/09/2025","0","0"
"1556","hielo","489","88.91","97.8","0.17","84.84","27/09/2025","88.91","100"
"1622","l.almendras","10","0.91","1","0","84.85","04/08/2025","0.91","100"
"1624","l.sin lactosa","3","0","0","0","84.85","01/08/2025","0","0"
"1642","RISTRETTO","131","234.18","257.6","0.45","85.3","29/09/2025","234.18","100"
"1687","BOMBON DOBLE","89","230.73","253.8","0.44","85.74","28/09/2025","230.73","100"
"1764","BOWL AVENA","11","18","19.8","0.03","85.77","28/09/2025","18","100"
"1765","L. avena","806","60.45","66.5","0.12","85.89","29/09/2025","60.45","100"
"1794","ESPRESO DOBLE","781","1,737.73","1,911.50","3.33","89.22","29/09/2025","1,737.73","100"
"1831","Extra Alcohol","47","36.32","39.95","0.07","89.29","16/09/2025","36.32","100"
"1835","LECHE Y LECHE","99","242.27","266.5","0.46","89.76","28/09/2025","242.27","100"
"1836","CORTADO DOBLE","690","1,600.00","1,760.00","3.07","92.82","29/09/2025","1,600.00","100"
"1864","CAFE, HIELO Y LECHE","1,581.00","3,724.18","4,096.60","7.14","99.97","29/09/2025","3,724.18","100"
"1925","Sale","434","0","0","0","99.97","28/09/2025","0","0"
"1930","Nube","633","0","0","0","99.97","29/09/2025","0","0"
"1931","Sombra","557","0","0","0","99.97","29/09/2025","0","0"
"1932","Mitad","3,778.00","0","0","0","99.97","29/09/2025","0","0"
"1933","Largo","190","0","0","0","99.97","29/09/2025","0","0"
"1934","DOBLE","208","0","0","0","99.97","28/09/2025","0","0"
"1935","AMERICANO","25","0","0","0","99.97","20/09/2025","0","0"
"1945","Verde","117","0","0","0","99.97","29/09/2025","0","0"
"1946","Supremo","4","0","0","0","99.97","09/09/2025","0","0"
"1947","Oolong","3","0","0","0","99.97","10/09/2025","0","0"
"1948","English Breakfast","31","0","0","0","99.97","28/09/2025","0","0"
"1949","Groundpowder","14","0","0","0","99.97","26/08/2025","0","0"
"1950","Earl Gray","46","0","0","0","99.97","27/09/2025","0","0"
"1951","Pakistaní Supremo","35","0","0","0","99.97","28/09/2025","0","0"
"1953","Galleta y Especias","7","0","0","0","99.97","28/09/2025","0","0"
"1954","Chai","31","0","0","0","99.97","27/09/2025","0","0"
"1955","Caramelo y nueces","10","0","0","0","99.97","27/09/2025","0","0"
"1956","Ayurveda","26","0","0","0","99.97","19/09/2025","0","0"
"1957","Canto del Lama","14","0","0","0","99.97","24/09/2025","0","0"
"1958","Rooibos Pakistani","37","0","0","0","99.97","29/09/2025","0","0"
"1959","Rooibos Manzana Canela","31","0","0","0","99.97","29/09/2025","0","0"
"1960","Rooibos Naranja Choco","10","0","0","0","99.97","28/09/2025","0","0"
"1961","Suspiro","4","0","0","0","99.97","27/08/2025","0","0"
"1963","Café para llevar","7","17.82","19.6","0.03","100","29/09/2025","17.82","100"
"","DESAYUNOS","","","","","","","",""
"695","Miel","6","0","0","0","0","13/06/2025","0","0"
"1224","americano","140","0","0","0","0","28/09/2025","0","0"
"1225","cortado","89","0","0","0","0","28/09/2025","0","0"
"1462","CHOCAPIC","49","68.36","75.2","0.14","0.14","29/09/2025","68.36","100"
"1463","BOWL YOGURT","524","934.55","1,028.00","1.96","2.1","29/09/2025","934.55","100"
"1464","BOWL SOJA","2","3.27","3.6","0.01","2.11","28/07/2025","3.27","100"
"1465","BOWL SIN LACTOSA","7","11.45","12.6","0.02","2.13","14/09/2025","11.45","100"
"1468","FLAKES","78","110.55","121.6","0.23","2.36","28/09/2025","110.55","100"
"1472","PIPAS","44","14.91","16.4","0.03","2.39","20/09/2025","14.91","100"
"1479","MIX DE FRUTAS","258","115.45","127","0.24","2.63","29/09/2025","115.45","100"
"1486","CROISSANT","1,211.00","2,378.00","2,615.80","4.98","7.61","29/09/2025","2,378.00","100"
"1487","RUSTICO","3,458.00","4,685.45","5,154.00","9.81","17.42","29/09/2025","4,685.45","100"
"1488","MULTICEREAL","3,971.00","5,732.36","6,305.60","12","29.42","29/09/2025","5,732.36","100"
"1489","MOLLETE","2,070.00","2,807.73","3,088.50","5.88","35.3","29/09/2025","2,807.73","100"
"1490","SIN GLUTEN","273","496.36","546","1.04","36.34","28/09/2025","496.36","100"
"1491","MOLDE GRUESO","353","577.64","635.4","1.21","37.55","29/09/2025","577.64","100"
"1493","ATÚN","496","446.36","491","0.93","38.48","29/09/2025","446.36","100"
"1494","YORK","413","259","284.9","0.54","39.02","29/09/2025","259","100"
"1495","JAMÓN IBÉRICO","1,630.00","3,675.00","4,042.50","7.69","46.72","29/09/2025","3,675.00","100"
"1496","BACÓN","358","257.45","283.2","0.54","47.26","29/09/2025","257.45","100"
"1497","GOUDA","801","575.27","632.8","1.2","48.46","29/09/2025","575.27","100"
"1498","LOMO AL HORNO","286","285","313.5","0.6","49.06","29/09/2025","285","100"
"1499","HUEVO PLANCHA 1H","1,050.00","943.64","1,038.00","1.98","51.03","29/09/2025","943.64","100"
"1500","YORK + QUESO","1,400.00","1,521.82","1,674.00","3.19","54.22","29/09/2025","1,521.82","100"
"1501","LECHUGA","579","51.91","57.1","0.11","54.33","29/09/2025","51.91","100"
"1502","CEBOLLA","221","39.64","43.6","0.08","54.41","28/09/2025","39.64","100"
"1503","TOMATE","1,592.00","430.36","473.4","0.9","55.31","29/09/2025","430.36","100"
"1504","AGUACATE","2,473.00","1,997.18","2,196.90","4.18","59.49","29/09/2025","1,997.18","100"
"1505","ACEITE","5,891.00","2,667.73","2,934.50","5.58","65.08","29/09/2025","2,667.73","100"
"1507","EMULSION TOMATE","4,574.00","2,066.82","2,273.50","4.33","69.4","29/09/2025","2,066.82","100"
"1508","MANTEQUILLA","2,186.00","933.18","1,026.50","1.95","71.36","29/09/2025","933.18","100"
"1510","MIEL","278","148.91","163.8","0.31","71.67","28/09/2025","148.91","100"
"1512","CHERRY","41","11.18","12.3","0.02","71.69","26/09/2025","11.18","100"
"1516","HUEVO PLANCHA 2H","197","447.73","492.5","0.94","72.63","28/09/2025","447.73","100"
"1517","REVUELTO 2H","435","963.64","1,060.00","2.02","74.65","29/09/2025","963.64","100"
"1518","TORTILLA  2H","630","1,413.64","1,555.00","2.96","77.61","29/09/2025","1,413.64","100"
"1528","QUESO FRESCO","653","527.73","580.5","1.1","78.71","29/09/2025","527.73","100"
"1590","UNIVERSAL","864","3,127.27","3,440.00","6.55","85.26","29/09/2025","3,127.27","100"
"1636","COUNTRY STORE","161","228.36","251.2","0.48","85.73","29/09/2025","228.36","100"
"1650","RUCULA","19","6.91","7.6","0.01","85.75","30/06/2025","6.91","100"
"1715","PAVO","712","580.09","638.1","1.21","86.96","29/09/2025","580.09","100"
"1739","BACON + QUESO","680","796.55","876.2","1.67","88.63","29/09/2025","796.55","100"
"1740","PAVO+QUESO","659","772.91","850.2","1.62","90.25","29/09/2025","772.91","100"
"1741","MERMELADA","738","195.82","215.4","0.41","90.66","28/09/2025","195.82","100"
"1784","TORTILLA 1H","264","355.91","391.5","0.75","91.4","29/09/2025","355.91","100"
"1785","REVUELTO 1H","140","189.55","208.5","0.4","91.8","29/09/2025","189.55","100"
"1786","Pan Rodaja","252","134.18","147.6","0.28","92.08","28/09/2025","134.18","100"
"1787","BOWL DE FRUTA","378","1,647.00","1,811.70","3.45","95.53","29/09/2025","1,647.00","100"
"1788","SIROPE CARAMELO","10","8.18","9","0.02","95.55","22/09/2025","8.18","100"
"1789","SIROPE CHOCOLATE","7","6.36","7","0.01","95.56","22/09/2025","6.36","100"
"1790","SIROPE FRESA","3","2.73","3","0.01","95.57","13/08/2025","2.73","100"
"1806","INTEGRAL","884","961.09","1,057.20","2.01","97.58","29/09/2025","961.09","100"
"1807","JAMÓN SERRANO","1,276.00","1,157.27","1,273.00","2.42","100","29/09/2025","1,157.27","100"
"1915","Montada","16","0","0","0","100","24/09/2025","0","0"
"1938","Fresa","221","0","0","0","100","28/09/2025","0","0"
"1939","Melocotón","148","0","0","0","100","28/09/2025","0","0"
"","HAMACAS","","","","","","","",""
"211","HAMACA","8,502.00","49,138.84","59,458.00","55.86","55.86","29/09/2025","49,138.84","100"
"212","CAMA 1/2 DIA","230","5,252.89","6,356.00","5.97","61.84","28/09/2025","5,252.89","100"
"213","CAMA 1 DIA","562","16,256.20","19,670.00","18.48","80.32","28/09/2025","16,256.20","100"
"1849","SOMBRILLA","4,193.00","17,314.05","20,950.00","19.68","100","29/09/2025","17,314.05","100"
"","BRANDIES Y COGNACS","","","","","","","",""
"217","MAGNO","9","53.18","58.5","30.23","30.23","10/09/2025","53.18","100"
"220","TORRES 10","5","34.09","37.5","19.38","49.61","14/08/2025","34.09","100"
"225","TORRES 5","15","88.64","97.5","50.39","100","23/09/2025","88.64","100"
"909","BOTELLA MAGNO","1.58","0","0","0","100","10/09/2025","0","0"
"914","BOTELLA TORRES 10","0.88","0","0","0","100","14/08/2025","0","0"
"916","BOTELLA TORRES 5","2.63","0","0","0","100","23/09/2025","0","0"
"","VINOS Y CAVAS","","","","","","","",""
"229","TINTO DE VERANO","2,615.00","6,950.36","7,645.40","15.58","15.58","29/09/2025","6,950.36","100"
"232","JUVE Y CAMPS BOTELLA","58","1,212.73","1,334.00","2.72","18.29","28/09/2025","1,212.73","100"
"242","JUVE Y CAMPS COPA","510","1,831.36","2,014.50","4.1","22.4","28/09/2025","1,831.36","100"
"244","TINTO DE VERANO + NARANJA","6","12.55","13.8","0.03","22.42","04/09/2025","12.55","100"
"707","CELESTE ROBLE BOTELLA","6","100.91","111","0.23","22.65","16/06/2025","100.91","100"
"708","CELESTE ROBLE COPA","232","738.18","812","1.65","24.31","21/06/2025","738.18","100"
"731","BLANCO CASA BOTELLA","9","130.91","144","0.29","24.6","08/06/2025","130.91","100"
"732","BLANCO CASA COPA","183","557.32","613.05","1.25","25.85","23/06/2025","557.32","100"
"792","SANGRIA PEQUEÑA","702","2,499.18","2,749.10","5.6","31.45","28/09/2025","2,499.18","100"
"793","SANGRIA JARRA","805","3,453.31","4,178.50","7.74","39.19","29/09/2025","3,453.31","100"
"892","BOTANI ESPUMOSO","24","414.55","456","0.93","40.12","21/09/2025","414.55","100"
"1234","VERDEO BOTELLA","45","654.55","720","1.47","41.58","24/05/2025","654.55","100"
"1235","VERDEO COPA","410","1,248.64","1,373.50","2.8","44.38","25/05/2025","1,248.64","100"
"1240","LA GUITA COPA","15","42.27","46.5","0.09","44.48","08/09/2025","42.27","100"
"1317","BOTELLA SEIS+SEIS","11","220","242","0.49","44.97","10/09/2025","220","100"
"1318","SEIS+SEIS COPA","159","556.5","612.15","1.25","46.22","23/09/2025","556.5","100"
"1394","JARRA TINTO DE VERANO","657","2,500.91","2,751.00","5.6","51.82","29/09/2025","2,500.91","100"
"1482","COPA ZUMBRAL","50","172.73","190","0.39","52.21","13/09/2025","172.73","100"
"1621","COPA BOTANI ESPUMOSO","105","372.27","409.5","0.83","53.04","29/09/2025","372.27","100"
"1742","GODELLO COPA","79","262.14","288.35","0.59","53.63","18/06/2025","262.14","100"
"1743","GODELLA BOTELLA","2","35.45","39","0.08","53.71","23/05/2025","35.45","100"
"1744","SAN VALENTIN COPA","72","219.41","241.35","0.49","54.2","24/08/2025","219.41","100"
"1745","SAN VALENTIN BOTELLA","3","43.64","48","0.1","54.3","19/06/2025","43.64","100"
"1746","CLOE COPA","148","491.09","540.2","1.1","55.4","28/09/2025","491.09","100"
"1747","CLOE BOTELLA","27","478.64","526.5","1.07","56.47","28/09/2025","478.64","100"
"1748","Nº 12 COPA","83","264.09","290.5","0.59","57.06","25/05/2025","264.09","100"
"1752","TINTO CASA COPA","204","714","785.4","1.6","58.66","28/09/2025","714","100"
"1753","TINTO CASA BOTELLA","6","120","132","0.27","58.93","24/09/2025","120","100"
"1754","CLOE ROSÉ COPA","372","1,231.05","1,354.15","2.76","61.69","27/09/2025","1,231.05","100"
"1755","CLOE ROSÉ BOTELLA","69","1,223.18","1,345.50","2.74","64.43","26/09/2025","1,223.18","100"
"1756","Nº12 BOTELLA","6","106.36","117","0.24","64.67","25/05/2025","106.36","100"
"1795","VIÑASOL ROSADO Bot.","2","26.91","29.6","0.06","64.73","22/06/2025","26.91","100"
"1796","VIÑASOL ROSADO Copa.","73","205.73","226.3","0.46","65.19","12/09/2025","205.73","100"
"1810","MALPASTOR BOTELLA","12","180","198","0.4","65.59","18/09/2025","180","100"
"1811","MALPASTOR COPA","269","842.77","927.05","1.89","67.48","22/09/2025","842.77","100"
"1842","3055 JEAN LEÓN BOTELLA","9","135","148.5","0.3","67.78","25/09/2025","135","100"
"1843","3055 JEAN LEÓN COPA","39","124.09","136.5","0.28","68.06","24/09/2025","124.09","100"
"1844","LA MATEO ROSADO BOTELLA","15","327.27","360","0.73","68.8","22/09/2025","327.27","100"
"1845","LA MATEO ROSADO COPA","4","11.45","12.6","0.03","68.82","06/08/2025","11.45","100"
"1856","Pago de Carraovejas","3","163.64","180","0.37","69.19","15/09/2025","163.64","100"
"1857","La Mateo","3","79.09","87","0.18","69.37","22/08/2025","79.09","100"
"1861","Encaste Crianza","6","125.45","138","0.28","69.65","28/09/2025","125.45","100"
"1868","Las Pisadas Copa","88","292","321.2","0.65","70.3","29/09/2025","292","100"
"1869","Las Pisadas Botella","8","123.64","136","0.28","70.58","26/09/2025","123.64","100"
"1870","Dusky Sound copa","131","416.82","458.5","0.93","71.51","28/09/2025","416.82","100"
"1871","Dusky Sound Botella","59","804.55","885","1.8","73.32","24/09/2025","804.55","100"
"1872","62 millas Copa","371","1,231.05","1,354.15","2.76","76.07","29/09/2025","1,231.05","100"
"1873","62 millas Botella","8","130.91","144","0.29","76.37","26/09/2025","130.91","100"
"1874","Mar de seda copa","1,531.00","4,871.36","5,358.50","10.92","87.28","29/09/2025","4,871.36","100"
"1875","Mar de seda Botella","127","1,385.45","1,524.00","3.1","90.39","25/09/2025","1,385.45","100"
"1876","Camiño dos faros","4","65.45","72","0.15","90.54","18/08/2025","65.45","100"
"1877","Pazos Copa","368","1,053.82","1,159.20","2.36","92.9","28/09/2025","1,053.82","100"
"1878","Letargo Copa","30","90","99","0.2","93.1","27/09/2025","90","100"
"1879","Letargo Botella","17","247.27","272","0.55","93.65","16/09/2025","247.27","100"
"1880","3º millenium","10","200","220","0.45","94.1","28/08/2025","200","100"
"1881","Viernes Copa","91","273","300.3","0.61","94.71","28/09/2025","273","100"
"1882","Viernes Botella","19","285","313.5","0.64","95.35","27/09/2025","285","100"
"1883","ricipe viana Copa","24","65.45","72","0.15","95.5","22/09/2025","65.45","100"
"1884","Principe Viana Botella","8","94.55","104","0.21","95.71","22/08/2025","94.55","100"
"1889","DOBLE 12","1","35.91","39.5","0.08","95.79","18/06/2025","35.91","100"
"1891","ALTOS DE TORONA","15","238.64","262.5","0.53","96.33","21/09/2025","238.64","100"
"1892","TESELA COPA","20","63.64","70","0.14","96.47","28/09/2025","63.64","100"
"1893","TESELA BOTELLA","4","48","52.8","0.11","96.58","26/09/2025","48","100"
"1895","CALIMOCHO","1","2.68","2.95","0.01","96.58","04/08/2025","2.68","100"
"1896","PAZOS BOT","104","1,437.09","1,580.80","3.22","99.8","27/09/2025","1,437.09","100"
"1917","Fino Rama","2","8.18","9","0.02","99.82","07/09/2025","8.18","100"
"1918","Pedro Ximenez","10","47.27","52","0.11","99.93","27/09/2025","47.27","100"
"1919","Oloroso","2","9.45","10.4","0.02","99.95","16/09/2025","9.45","100"
"1920","Amontillado","4","23.64","26","0.05","100","04/09/2025","23.64","100"
"1941","con limón","1,791.00","0","0","0","100","29/09/2025","0","0"
"1942","con casera","328","0","0","0","100","28/09/2025","0","0"
"","APERITIVOS Y LICORES","","","","","","","",""
"247","LICOR DE MANZANA SIN","6","24.55","27","0.47","0.47","13/08/2025","24.55","100"
"248","LICOR DE MORA SIN","5","20.45","22.5","0.39","0.86","30/08/2025","20.45","100"
"252","LICOR DE AVELLANA","1","5","5.5","0.1","0.95","24/06/2025","5","100"
"257","ORUJO DE HIERBAS","54","270","297","5.16","6.11","25/09/2025","270","100"
"258","ANIS DULCE","16","72.73","80","1.39","7.5","01/09/2025","72.73","100"
"259","ANIS SECO","3","13.64","15","0.26","7.76","17/09/2025","13.64","100"
"262","LICOR 43","12","60","66","1.15","8.91","26/09/2025","60","100"
"263","PONCHE CABALLERO","1","5","5.5","0.1","9","29/06/2025","5","100"
"264","MARTINI ROJO","26","130.45","143.5","2.49","11.49","28/09/2025","83.45","63.97"
"265","MARTINI BLANCO","34","170","187","3.25","14.74","21/09/2025","170","100"
"266","AMARETTO","55","284.55","313","5.43","20.18","24/09/2025","284.55","100"
"267","FRANGELICO","8","40","44","0.76","20.94","21/09/2025","40","100"
"268","TIA MARÍA","10","50","55","0.95","21.89","24/09/2025","50","100"
"270","BAILEYS","234","1,170.00","1,287.00","22.35","44.24","28/09/2025","1,170.00","100"
"271","SHERIDAN´S","1","5","5.5","0.1","44.34","07/08/2025","5","100"
"272","MALIBU","9","45","49.5","0.86","45.19","20/09/2025","45","100"
"275","COINTREAU","7","35","38.5","0.67","45.86","04/08/2025","35","100"
"277","JAGERMEISTER","17","87.73","96.5","1.68","47.54","17/09/2025","87.73","100"
"280","CAMPARI","38","191.36","210.5","3.65","51.19","27/09/2025","191.36","100"
"283","TEQUILA JOSE CUERVO","38","244.55","269","4.67","55.86","10/08/2025","244.55","100"
"290","RIVES LIMA","1","4.09","4.5","0.08","55.94","13/05/2025","4.09","100"
"299","ORUJO CREMA","36","180","198","3.44","59.38","23/09/2025","180","100"
"765","VERMOUTH DE LA CASA","17","85","93.5","1.62","61","28/09/2025","85","100"
"851","Pacharan Otaola","154","700","847","13.37","74.37","21/09/2025","700","100"
"1091","BOTELLA AMARETO","6.75","0","0","0","74.37","24/09/2025","0","0"
"1097","BOTELLA BAILEYS","28.5","0","0","0","74.37","28/09/2025","0","0"
"1103","BOTELLA CAMPARI","4","0","0","0","74.37","27/09/2025","0","0"
"1106","BOTELLA COINTREAU","0.88","0","0","0","74.37","04/08/2025","0","0"
"1110","BOTELLA FRANGELICO","1","0","0","0","74.37","21/09/2025","0","0"
"1112","BOTELLA JAGERMEISTER","2.13","0","0","0","74.37","17/09/2025","0","0"
"1116","BOTELLA LICOR 43","1.5","0","0","0","74.37","26/09/2025","0","0"
"1124","BOTELLA MALIBU","1.13","0","0","0","74.37","20/09/2025","0","0"
"1127","BOTELLA MARTINI BLANCO","4.25","0","0","0","74.37","21/09/2025","0","0"
"1129","BOTELLA MARTINI ROJO","3.25","0","0","0","74.37","28/09/2025","0","0"
"1147","BOTELLA PONCHE CABALLERO","0.13","0","0","0","74.37","29/06/2025","0","0"
"1152","BOTELLA RIVES LIMA","0.13","0","0","0","74.37","13/05/2025","0","0"
"1160","BOTELLA SHERIDANS","0.13","0","0","0","74.37","07/08/2025","0","0"
"1162","BOTELLA TEQUILA JOSE CUERVO","4.63","0","0","0","74.37","10/08/2025","0","0"
"1164","BOTELLA TIA MARIA","1.13","0","0","0","74.37","24/09/2025","0","0"
"1759","LIMONCELLO","32","160","176","3.06","77.43","27/09/2025","160","100"
"1848","VERMOUTH GUERRA","220","1,181.82","1,300.00","22.57","100","28/09/2025","1,181.82","100"
"","WHISKIES","","","","","","","",""
"302","WHITE LABEL","48","328.18","361","6.33","6.33","27/09/2025","328.18","100"
"304","CUTTY SARK","31","214.55","236","4.14","10.47","26/09/2025","214.55","100"
"306","DYC 8","35","238.18","262","4.6","15.07","22/09/2025","238.18","100"
"308","JAMESON","80","545","599.5","10.52","25.59","29/09/2025","545","100"
"312","CHIVAS 18","1","14.5","15.95","0.28","25.87","08/07/2025","14.5","100"
"317","CARDHU","7","69.68","76.65","1.34","27.21","31/07/2025","69.68","100"
"318","JOHNNY WALKER BLACK","67","607.41","668.15","11.72","38.93","27/09/2025","607.41","100"
"319","J&B","43","292.27","321.5","5.64","44.57","14/09/2025","292.27","100"
"322","JOHNNY WALKER RED","130","889.09","978","17.16","61.73","27/09/2025","889.09","100"
"324","JACK DANIELS","69","502.73","553","9.7","71.43","23/09/2025","502.73","100"
"325","FOUR ROSES","21","151.36","166.5","2.92","74.35","17/09/2025","151.36","100"
"328","SOUTHERN COMFORT","8","53.64","59","1.04","75.39","24/09/2025","53.64","100"
"1604","MACALLAN 12","26","354.55","390","6.84","82.23","14/09/2025","354.55","100"
"1684","BALLANTINES","113","774.55","852","14.95","97.18","27/09/2025","774.55","100"
"1696","JAMESON BLACK BARREL","1","9.95","10.95","0.19","97.37","26/06/2025","9.95","100"
"1821","HIBIKI","10","136.36","150","2.63","100","27/09/2025","136.36","100"
"","VODKAS","","","","","","","",""
"362","ERISTOFF","5","35.45","39","3.19","3.19","23/09/2025","35.45","100"
"363","STOLICHNAYA","6","40.91","45","3.68","6.87","30/08/2025","40.91","100"
"364","SMIRNOFF","3","20.45","22.5","1.84","8.71","23/08/2025","20.45","100"
"1280","GREY GOOSE","7","64.82","71.3","5.83","14.54","18/05/2025","64.82","100"
"1685","ABSOLUT","138","950","1,045.00","85.46","100","26/09/2025","950","100"
"","COCKTAILS, ZUMOS Y BATIDOS","","","","","","","",""
"6","ZUMO NARANJA NAT. (Desay.)","2,435.00","6,398.82","7,038.70","9.98","9.98","29/09/2025","6,398.82","100"
"378","CARIBEÑO","219","1,079.00","1,186.90","1.68","11.66","27/09/2025","1,079.00","100"
"379","LA CHANCLA","337","1,808.77","1,989.65","2.82","14.49","29/09/2025","1,808.77","100"
"380","ANTIOXIDANTE","350","1,790.82","1,969.90","2.79","17.28","29/09/2025","1,790.82","100"
"381","MOJITO","1,385.00","10,668.77","11,735.65","16.64","33.92","28/09/2025","10,668.77","100"
"382","DAIKIRI ORIGINAL","26","200.41","220.45","0.31","34.23","13/09/2025","200.41","100"
"383","CAIPIRIÑA","121","931","1,024.10","1.45","35.68","27/09/2025","931","100"
"384","PIÑA COLADA","701","5,672.68","6,239.95","8.85","44.53","28/09/2025","5,672.68","100"
"385","SAN FRANCISCO","149","801.86","882.05","1.25","45.78","28/09/2025","801.86","100"
"386","LIMÓN Y ALGO","154","763","839.3","1.19","46.97","27/09/2025","763","100"
"391","AVIATION","7","50.59","55.65","0.08","47.05","06/05/2025","50.59","100"
"392","BLODY MARY","115","831.14","914.25","1.3","48.35","27/09/2025","831.14","100"
"393","APEROL SPRITZ","1,321.00","7,805.91","8,586.50","12.18","60.53","28/09/2025","7,805.91","100"
"394","MARGARITA","341","2,621.50","2,883.65","4.09","64.61","28/09/2025","2,621.50","100"
"395","DAIKIRI DE FRESA","291","2,243.64","2,468.00","3.5","68.11","26/09/2025","2,243.64","100"
"396","MORENITO","98","482","530.2","0.75","68.87","27/09/2025","482","100"
"397","MOJITO SIN","285","1,535.05","1,688.55","2.39","71.26","28/09/2025","1,535.05","100"
"398","COCKTAIL DE CAVA","15","135.68","149.25","0.21","71.47","13/09/2025","135.68","100"
"399","FLY ME TO THE MOON","92","709.91","780.9","1.11","72.58","25/09/2025","709.91","100"
"400","TOM COLLINS","54","412.27","453.5","0.64","73.22","27/09/2025","412.27","100"
"401","VITAMINICO","241","1,197.00","1,316.70","1.87","75.09","29/09/2025","1,197.00","100"
"715","MOJITO FRESA SIN","183","988.23","1,087.05","1.54","76.63","27/09/2025","988.23","100"
"740","MOJITO FRESA","289","2,223.68","2,446.05","3.47","80.1","28/09/2025","2,223.68","100"
"741","DAIKIRI FRESA SIN","117","626.23","688.85","0.98","81.08","27/09/2025","626.23","100"
"742","VIRGIN MARY","33","165","181.5","0.26","81.33","25/09/2025","165","100"
"776","ZUMO NARANJA NATURAL GRANDE","758","2,861.18","3,147.30","4.46","85.8","29/09/2025","2,861.18","100"
"777","TRES EN UNO","1","5","5.5","0.01","85.8","06/05/2025","5","100"
"778","PUESTA DE SOL","298","1,468.00","1,614.80","2.29","88.09","29/09/2025","1,468.00","100"
"783","DETOX","88","504.09","554.5","0.79","88.88","27/09/2025","504.09","100"
"784","CAIPIROSKA","6","33.82","37.2","0.05","88.93","04/08/2025","33.82","100"
"785","CAIPIRIÑA DE FRESA","33","253","278.3","0.39","89.33","26/09/2025","253","100"
"807","LIMONADA 100%","433","1,643.09","1,807.40","2.56","91.89","29/09/2025","1,643.09","100"
"1177","ZUMO DE TEMPORADA","83","399.5","439.45","0.62","92.51","28/09/2025","399.5","100"
"1178","BATIDO DE CHOCOLATE","85","445.73","490.3","0.7","93.21","28/09/2025","445.73","100"
"1269","BATIDO DE VAINILLA","83","436.55","480.2","0.68","93.89","21/09/2025","436.55","100"
"1270","BATIDO DE FRESA","69","362.73","399","0.57","94.46","28/09/2025","362.73","100"
"1271","BATIDO DE TURRON","41","215.64","237.2","0.34","94.79","28/09/2025","215.64","100"
"1272","BATIDO VAINILLA ESPECIAL","4","20","22","0.03","94.82","11/08/2025","20","100"
"1273","ESPRESSO MARTINI","110","695","764.5","1.08","95.91","27/09/2025","695","100"
"1274","WHITE RUSSIAN","26","164.27","180.7","0.26","96.16","22/09/2025","164.27","100"
"1275","ORANGE","11","65","71.5","0.1","96.27","25/09/2025","65","100"
"1276","PASION DE COCO","2","11.82","13","0.02","96.28","07/08/2025","11.82","100"
"1277","AFRODISIACO","23","144.5","158.95","0.23","96.51","29/09/2025","144.5","100"
"1286","nata","26","11.82","13","0.02","96.53","21/09/2025","11.82","100"
"1564","Aguacate","1","0","0","0","96.53","10/06/2025","0","0"
"1574","Naranja","5","0","0","0","96.53","11/08/2025","0","0"
"1830","PIÑA COLADA SIN","324","1,747.64","1,922.40","2.73","99.25","27/09/2025","1,747.64","100"
"1885","Negroni","60","409.09","450","0.64","99.89","27/09/2025","409.09","100"
"1924","Crodino","17","69.55","76.5","0.11","100","31/08/2025","69.55","100"
"1926","croqueta aperol","41","0","0","0","100","28/06/2025","0","0"
"","RON","","","","","","","",""
"408","CACIQUE","35","237.73","261.5","3.03","3.03","28/09/2025","237.73","100"
"409","CACIQUE 500","5","43.18","47.5","0.55","3.58","18/08/2025","43.18","100"
"411","BARCELO AÑEJO","521","3,762.82","4,139.10","47.99","51.58","28/09/2025","3,762.82","100"
"413","BARCELO IMPERIAL","20","180.91","199","2.31","53.88","17/09/2025","180.91","100"
"414","PAMPERO ESPECIAL","11","70","77","0.89","54.78","28/09/2025","70","100"
"415","PAMPERO ANIVERSARIO","3","19.55","21.5","0.25","55.02","01/08/2025","19.55","100"
"417","BRUGAL","147","991.82","1,091.00","12.65","67.67","27/09/2025","991.82","100"
"419","SANTA TERESA AÑEJO","41","259.05","284.95","3.3","70.98","27/09/2025","259.05","100"
"421","CAPITAN MORGAN","12","81.36","89.5","1.04","72.02","23/08/2025","81.36","100"
"437","ZACAPA 23","20","247.68","272.45","3.16","75.18","27/09/2025","247.68","100"
"438","BACARDI 8","0","0","0","0","75.18","14/06/2025","0","0"
"446","BACARDI","40","271.23","298.35","3.46","78.63","27/09/2025","271.23","100"
"449","MATUSALEN 15","2","16.77","18.45","0.21","78.85","14/06/2025","16.77","100"
"453","LEGENDARIO ELIXIR (7)","139","1,010.91","1,112.00","12.89","91.74","27/09/2025","1,010.91","100"
"466","AREHUCAS","17","100.45","110.5","1.28","93.02","04/09/2025","100.45","100"
"477","MATUSALEN 7","22","169.5","186.45","2.16","95.19","13/09/2025","169.5","100"
"652","BRUGAL 1888","3","35.32","38.85","0.45","95.64","27/09/2025","35.32","100"
"843","BOTELLA BARCELO","68.75","0","0","0","95.64","28/09/2025","0","0"
"1044","BOTELLA BARCELO IMPERIAL","0.05","0","0","0","95.64","17/09/2025","0","0"
"1686","HAVANA 7 AÑOS","26","222.64","244.9","2.84","98.48","03/09/2025","222.64","100"
"1851","Brugal Doble Reserva","4","30.91","34","0.39","98.87","14/08/2025","30.91","100"
"1853","Dos Maderas 5+3","6","40.91","45","0.52","99.39","31/08/2025","40.91","100"
"1854","Dos maderas 5+5","5","47.73","52.5","0.61","100","07/08/2025","47.73","100"
"","GINEBRAS","","","","","","","",""
"506","BOMBAY SAPPHIRE","118","911.82","1,003.00","4.29","4.29","28/09/2025","911.82","100"
"508","TANQUERAY","348","2,365.91","2,602.50","11.14","15.43","29/09/2025","2,365.91","100"
"509","LARIOS","428","2,700.00","2,970.00","12.71","28.14","28/09/2025","2,700.00","100"
"514","HENDRICKS","84","799.86","879.85","3.77","31.91","27/09/2025","799.86","100"
"515","NORDES","97","840.77","924.85","3.96","35.87","26/09/2025","840.77","100"
"516","LARIOS 12","366","2,484.55","2,733.00","11.7","47.56","29/09/2025","2,484.55","100"
"518","G´VINE","15","148.55","163.4","0.7","48.26","13/08/2025","148.55","100"
"519","MOMBASA","6","49.82","54.8","0.23","48.5","14/06/2025","49.82","100"
"522","MARTIN MILLERS","158","1,357.91","1,493.70","6.39","54.89","28/09/2025","1,357.91","100"
"595","BROCKMANS","39","372.55","409.8","1.75","56.64","27/09/2025","372.55","100"
"606","BULL DOG","30","216.82","238.5","1.02","57.66","28/09/2025","216.82","100"
"625","MONKEY 47","9","138.68","152.55","0.65","58.32","14/08/2025","138.68","100"
"836","Botella Larios 12","0.9","0","0","0","58.32","29/09/2025","0","0"
"1202","LARIOS ROSE","136","923.18","1,015.50","4.35","62.66","27/09/2025","923.18","100"
"1608","ROKU","6","49.55","54.5","0.23","62.9","28/09/2025","49.55","100"
"1682","BEEFETER","568","3,855.91","4,241.50","18.15","81.05","28/09/2025","3,855.91","100"
"1683","SEAGRANS","525","3,575.91","3,933.50","16.83","97.88","29/09/2025","3,575.91","100"
"1699","Gin Promo","7","38.18","42","0.18","98.06","31/08/2025","38.18","100"
"1775","SEAGRAMS 0,0","65","411.14","452.25","1.94","100","29/09/2025","411.14","100"
"","HONESTIDAD","","","","","","","",""
"1287","COMBINADOS HONEST.","111","464.18","510.6","35.1","35.1","25/09/2025","464.18","100"
"1288","CERVEZA HONEST.","321","569.05","625.95","43.03","78.14","28/09/2025","569.05","100"
"1289","HONEST. REFRES./ ZUMOS /AGUA","213","289.09","318","21.86","100","28/09/2025","289.09","100"
"","TIENDA","","","","","","","",""
"1355","CAFE DE BRASIL 250gr","8","58.18","64","13.21","13.21","30/08/2025","58.18","100"
"1356","CAFÉ DE COLOMBIA 250gr","14","101.82","112","23.12","36.33","08/09/2025","101.82","100"
"1359","CAFE DE NICARAGUA 250gr","6","43.64","48","9.91","46.23","23/06/2025","43.64","100"
"1361","CAFE DE MEXICO DESCAFEINADO 250gr","1","7.27","8","1.65","47.89","08/08/2025","7.27","100"
"1362","CAFE DE LA CHANCLA 250gr","17","123.64","136","28.07","75.96","18/09/2025","123.64","100"
"1363","TE GAMA MEDIA","1","4.09","4.5","0.93","76.89","24/09/2025","4.09","100"
"1405","CAFE DE BRASIL 1kg","1","25.45","28","5.78","82.66","02/09/2025","25.45","100"
"1406","CAFE DE COLOMBIA 1kg","1","25.45","28","5.78","88.44","29/05/2025","25.45","100"
"1413","CAFE DE LA CHANCLA 1kg","2","50.91","56","11.56","100","25/09/2025","50.91","100"
"","SUGERENCIAS","","","","","","","",""
"822","VARIOS","197","1,991.75","2,190.93","100","100","28/09/2025","1,991.75","100"
"","Sin Familias","","","","","","","",""
"1937","cortado doble","23","0","0","0","0","19/09/2025","0","0"
"1944","Negro","24","0","0","0","0","26/09/2025","0","0"
"1952","Piña, Jengibre...","28","0","0","0","0","25/09/2025","0","0"
"","Sin Familias","","","","","","","",""
"1921","Palo Cortado","7","54.09","59.5","94.33","94.33","25/09/2025","54.09","100"
"1922","Manzanilla Trinidad","1","3.25","3.58","5.67","100","03/08/2025","3.25","100"
